1;khasim;qwerty;Khasimvali;Dudekula;khashimiiit@gmail.com;form1, form2
2;tata;qwerty;Tatarao;Bandaro;bandaru.tatarao@gmail.com;form1,form2
3;khadar;qwerty;Khadar;Pothuganti;pothugantibasha@gmail.com;form1,form2