1;khasim2;querty;Khasimvali;Dudekula;khashimiiit@gmail.com;form1,form2
2;tata2;querty;Tatarao;Bandaro;bandaru.tatarao@gmail.com;form1,form2
3;khadar2;querty;Khadar;Pothuganti;pothugantibasha@gmail.com;form1,form2